{"cameraMode":{"drawMode":0,"name":"Shaded","section":"Shading Mode"},"sceneLighting":true,"audioPlay":false,"sceneViewState":{"showFog":true,"showMaterialUpdate":true,"showSkybox":true,"showFlares":true,"showImageEffects":true,"showParticleSystems":true},"in2DMode":false,"pivot":{"x":-11.248330116271973,"y":1.3026167154312134,"z":-6.688293933868408},"rotation":{"x":-0.009351768530905247,"y":-0.721111536026001,"z":-0.009735683910548687,"w":0.6926875710487366},"size":19.63204574584961,"orthographic":false}