{"cameraMode":{"drawMode":0,"name":"Shaded","section":"Shading Mode"},"sceneLighting":false,"audioPlay":false,"sceneViewState":{"showFog":true,"showMaterialUpdate":false,"showSkybox":false,"showFlares":true,"showImageEffects":true,"showParticleSystems":true},"in2DMode":false,"pivot":{"x":2.890000104904175,"y":1.5099999904632569,"z":-2.9800000190734865},"rotation":{"x":-0.12114305794239044,"y":0.5195572376251221,"z":-0.07470759749412537,"w":-0.8424983024597168},"size":1.193145990371704,"orthographic":false}