{"cameraMode":{"drawMode":0,"name":"Shaded","section":"Shading Mode"},"sceneLighting":false,"audioPlay":false,"sceneViewState":{"showFog":true,"showMaterialUpdate":false,"showSkybox":false,"showFlares":true,"showImageEffects":true,"showParticleSystems":true},"in2DMode":false,"pivot":{"x":105.19755554199219,"y":394.1768798828125,"z":-2.3525161743164064},"rotation":{"x":-0.040772419422864917,"y":-0.03686228021979332,"z":0.0015049655921757222,"w":-0.998487114906311},"size":183.37643432617188,"orthographic":false}