{"cameraMode":{"drawMode":0,"name":"Shaded","section":"Shading Mode"},"sceneLighting":false,"audioPlay":false,"sceneViewState":{"showFog":true,"showMaterialUpdate":false,"showSkybox":false,"showFlares":true,"showImageEffects":true,"showParticleSystems":true},"in2DMode":false,"pivot":{"x":-4.673519134521484,"y":3.254333019256592,"z":14.901721000671387},"rotation":{"x":-0.03850537911057472,"y":0.20008113980293275,"z":-0.007869817316532135,"w":-0.9789907932281494},"size":22.0,"orthographic":false}